arm,No,J1,J2,J3,J4,J5,J6,J7,J8,J9,desc
0,0,-8.85981,-57.340977,24.374962,-68.407965,0.0,0.0,0.0,0.0,0.0,
0,100,-6.716743,-82.290035,17.436447,-89.817792,0.0,0.0,0.0,0.0,0.0,
