arm,No,X,Y,Z,A,B,C,U,V,W,desc
0,0,558.185695,0.01335,184.98852,0.0,0.0,0.0,1.0,0.0,0.0,
0,1,386.348076,0.01335,184.98852,0.0,0.0,0.0,1.0,0.0,0.0,
