arm,No,J1,J2,J3,J4,J5,J6,J7,J8,J9,desc
0,0,26.554416,-43.675343,102.936889,-25.657357,0.0,0.0,0.0,0.0,0.0,
